{
  "city_name": "Київ",
  "map_center_lat": 50.44182708672756,
  "map_center_lng": 30.521740781742785,
  "map_zoom": 13,
  "confidence_threshold": 0.86
}